chart,age,age_units,gender,measure,measure_units,L,M,S
zemel_2015_infant,0,months,f,weight,kg,0.192,3.069,0.145
zemel_2015_infant,1,months,f,weight,kg,0.131,3.623,0.144
zemel_2015_infant,2,months,f,weight,kg,0.071,4.171,0.143
zemel_2015_infant,3,months,f,weight,kg,0.012,4.706,0.143
zemel_2015_infant,4,months,f,weight,kg,-0.045,5.22,0.142
zemel_2015_infant,5,months,f,weight,kg,-0.1,5.706,0.141
zemel_2015_infant,6,months,f,weight,kg,-0.152,6.161,0.141
zemel_2015_infant,7,months,f,weight,kg,-0.201,6.582,0.141
zemel_2015_infant,8,months,f,weight,kg,-0.248,6.968,0.14
zemel_2015_infant,9,months,f,weight,kg,-0.291,7.323,0.14
zemel_2015_infant,10,months,f,weight,kg,-0.331,7.648,0.14
zemel_2015_infant,11,months,f,weight,kg,-0.368,7.947,0.14
zemel_2015_infant,12,months,f,weight,kg,-0.402,8.223,0.14
zemel_2015_infant,13,months,f,weight,kg,-0.434,8.478,0.14
zemel_2015_infant,14,months,f,weight,kg,-0.463,8.716,0.14
zemel_2015_infant,15,months,f,weight,kg,-0.49,8.939,0.14
zemel_2015_infant,16,months,f,weight,kg,-0.515,9.148,0.14
zemel_2015_infant,17,months,f,weight,kg,-0.539,9.346,0.14
zemel_2015_infant,18,months,f,weight,kg,-0.561,9.535,0.14
zemel_2015_infant,19,months,f,weight,kg,-0.582,9.716,0.14
zemel_2015_infant,20,months,f,weight,kg,-0.601,9.889,0.141
zemel_2015_infant,21,months,f,weight,kg,-0.62,10.056,0.141
zemel_2015_infant,22,months,f,weight,kg,-0.637,10.217,0.141
zemel_2015_infant,23,months,f,weight,kg,-0.654,10.374,0.141
zemel_2015_infant,24,months,f,weight,kg,-0.67,10.526,0.141
zemel_2015_infant,25,months,f,weight,kg,-0.686,10.674,0.142
zemel_2015_infant,26,months,f,weight,kg,-0.7,10.819,0.142
zemel_2015_infant,27,months,f,weight,kg,-0.715,10.96,0.142
zemel_2015_infant,28,months,f,weight,kg,-0.729,11.098,0.142
zemel_2015_infant,29,months,f,weight,kg,-0.742,11.235,0.143
zemel_2015_infant,30,months,f,weight,kg,-0.755,11.37,0.143
zemel_2015_infant,31,months,f,weight,kg,-0.768,11.504,0.143
zemel_2015_infant,32,months,f,weight,kg,-0.781,11.639,0.143
zemel_2015_infant,33,months,f,weight,kg,-0.794,11.774,0.144
zemel_2015_infant,34,months,f,weight,kg,-0.807,11.911,0.144
zemel_2015_infant,35,months,f,weight,kg,-0.819,12.049,0.144
zemel_2015_infant,36,months,f,weight,kg,-0.832,12.19,0.145
zemel_2015_infant,1,months,f,length,cm,1.957,52.958,0.037
zemel_2015_infant,2,months,f,length,cm,1.957,54.934,0.038
zemel_2015_infant,3,months,f,length,cm,1.957,56.904,0.038
zemel_2015_infant,4,months,f,length,cm,1.957,58.84,0.038
zemel_2015_infant,5,months,f,length,cm,1.957,60.704,0.039
zemel_2015_infant,6,months,f,length,cm,1.957,62.466,0.039
zemel_2015_infant,7,months,f,length,cm,1.957,64.1,0.039
zemel_2015_infant,8,months,f,length,cm,1.957,65.594,0.04
zemel_2015_infant,9,months,f,length,cm,1.957,66.953,0.04
zemel_2015_infant,10,months,f,length,cm,1.957,68.19,0.04
zemel_2015_infant,11,months,f,length,cm,1.957,69.318,0.041
zemel_2015_infant,12,months,f,length,cm,1.957,70.357,0.041
zemel_2015_infant,13,months,f,length,cm,1.957,71.328,0.041
zemel_2015_infant,14,months,f,length,cm,1.957,72.244,0.042
zemel_2015_infant,15,months,f,length,cm,1.957,73.115,0.042
zemel_2015_infant,16,months,f,length,cm,1.957,73.942,0.042
zemel_2015_infant,17,months,f,length,cm,1.957,74.729,0.043
zemel_2015_infant,18,months,f,length,cm,1.957,75.477,0.043
zemel_2015_infant,19,months,f,length,cm,1.957,76.19,0.043
zemel_2015_infant,20,months,f,length,cm,1.957,76.872,0.043
zemel_2015_infant,21,months,f,length,cm,1.957,77.529,0.043
zemel_2015_infant,22,months,f,length,cm,1.957,78.163,0.044
zemel_2015_infant,23,months,f,length,cm,1.957,78.774,0.044
zemel_2015_infant,24,months,f,length,cm,1.957,79.361,0.044
zemel_2015_infant,25,months,f,length,cm,1.957,79.925,0.044
zemel_2015_infant,26,months,f,length,cm,1.957,80.465,0.044
zemel_2015_infant,27,months,f,length,cm,1.957,80.982,0.045
zemel_2015_infant,28,months,f,length,cm,1.957,81.48,0.045
zemel_2015_infant,29,months,f,length,cm,1.957,81.964,0.045
zemel_2015_infant,30,months,f,length,cm,1.957,82.438,0.045
zemel_2015_infant,31,months,f,length,cm,1.957,82.908,0.045
zemel_2015_infant,32,months,f,length,cm,1.957,83.377,0.045
zemel_2015_infant,33,months,f,length,cm,1.957,83.849,0.046
zemel_2015_infant,34,months,f,length,cm,1.957,84.328,0.046
zemel_2015_infant,35,months,f,length,cm,1.957,84.819,0.046
zemel_2015_infant,36,months,f,length,cm,1.957,85.323,0.046
zemel_2015_infant,1,months,f,head_circ,cm,3.049,36.352,0.03
zemel_2015_infant,2,months,f,head_circ,cm,3.049,37.148,0.03
zemel_2015_infant,3,months,f,head_circ,cm,3.049,37.937,0.03
zemel_2015_infant,4,months,f,head_circ,cm,3.049,38.705,0.03
zemel_2015_infant,5,months,f,head_circ,cm,3.049,39.436,0.03
zemel_2015_infant,6,months,f,head_circ,cm,3.049,40.119,0.03
zemel_2015_infant,7,months,f,head_circ,cm,3.049,40.737,0.03
zemel_2015_infant,8,months,f,head_circ,cm,3.049,41.282,0.03
zemel_2015_infant,9,months,f,head_circ,cm,3.049,41.758,0.03
zemel_2015_infant,10,months,f,head_circ,cm,3.049,42.17,0.03
zemel_2015_infant,11,months,f,head_circ,cm,3.049,42.526,0.03
zemel_2015_infant,12,months,f,head_circ,cm,3.049,42.837,0.03
zemel_2015_infant,13,months,f,head_circ,cm,3.049,43.111,0.03
zemel_2015_infant,14,months,f,head_circ,cm,3.049,43.352,0.03
zemel_2015_infant,15,months,f,head_circ,cm,3.049,43.57,0.03
zemel_2015_infant,16,months,f,head_circ,cm,3.049,43.767,0.03
zemel_2015_infant,17,months,f,head_circ,cm,3.049,43.949,0.03
zemel_2015_infant,18,months,f,head_circ,cm,3.049,44.119,0.03
zemel_2015_infant,19,months,f,head_circ,cm,3.049,44.279,0.03
zemel_2015_infant,20,months,f,head_circ,cm,3.049,44.428,0.03
zemel_2015_infant,21,months,f,head_circ,cm,3.049,44.571,0.03
zemel_2015_infant,22,months,f,head_circ,cm,3.049,44.71,0.03
zemel_2015_infant,23,months,f,head_circ,cm,3.049,44.847,0.03
zemel_2015_infant,24,months,f,head_circ,cm,3.049,44.983,0.03
zemel_2015_infant,25,months,f,head_circ,cm,3.049,45.114,0.03
zemel_2015_infant,26,months,f,head_circ,cm,3.049,45.237,0.03
zemel_2015_infant,27,months,f,head_circ,cm,3.049,45.347,0.03
zemel_2015_infant,28,months,f,head_circ,cm,3.049,45.441,0.03
zemel_2015_infant,29,months,f,head_circ,cm,3.049,45.521,0.03
zemel_2015_infant,30,months,f,head_circ,cm,3.049,45.587,0.03
zemel_2015_infant,31,months,f,head_circ,cm,3.049,45.642,0.03
zemel_2015_infant,32,months,f,head_circ,cm,3.049,45.683,0.03
zemel_2015_infant,33,months,f,head_circ,cm,3.049,45.715,0.03
zemel_2015_infant,34,months,f,head_circ,cm,3.049,45.743,0.03
zemel_2015_infant,35,months,f,head_circ,cm,3.049,45.772,0.03
zemel_2015_infant,36,months,f,head_circ,cm,3.049,45.795,0.03
zemel_2015_infant,0,months,m,weight,kg,0.576,3.177,0.151
zemel_2015_infant,1,months,m,weight,kg,0.559,3.867,0.148
zemel_2015_infant,2,months,m,weight,kg,0.542,4.562,0.146
zemel_2015_infant,3,months,m,weight,kg,0.526,5.247,0.144
zemel_2015_infant,4,months,m,weight,kg,0.511,5.903,0.141
zemel_2015_infant,5,months,m,weight,kg,0.496,6.504,0.139
zemel_2015_infant,6,months,m,weight,kg,0.482,7.036,0.138
zemel_2015_infant,7,months,m,weight,kg,0.469,7.5,0.136
zemel_2015_infant,8,months,m,weight,kg,0.457,7.902,0.135
zemel_2015_infant,9,months,m,weight,kg,0.446,8.251,0.134
zemel_2015_infant,10,months,m,weight,kg,0.436,8.559,0.133
zemel_2015_infant,11,months,m,weight,kg,0.427,8.834,0.132
zemel_2015_infant,12,months,m,weight,kg,0.419,9.084,0.131
zemel_2015_infant,13,months,m,weight,kg,0.412,9.315,0.131
zemel_2015_infant,14,months,m,weight,kg,0.405,9.531,0.13
zemel_2015_infant,15,months,m,weight,kg,0.399,9.735,0.13
zemel_2015_infant,16,months,m,weight,kg,0.393,9.928,0.13
zemel_2015_infant,17,months,m,weight,kg,0.388,10.112,0.129
zemel_2015_infant,18,months,m,weight,kg,0.383,10.288,0.129
zemel_2015_infant,19,months,m,weight,kg,0.378,10.457,0.129
zemel_2015_infant,20,months,m,weight,kg,0.373,10.62,0.129
zemel_2015_infant,21,months,m,weight,kg,0.369,10.777,0.129
zemel_2015_infant,22,months,m,weight,kg,0.365,10.93,0.129
zemel_2015_infant,23,months,m,weight,kg,0.361,11.08,0.129
zemel_2015_infant,24,months,m,weight,kg,0.357,11.227,0.129
zemel_2015_infant,25,months,m,weight,kg,0.353,11.371,0.129
zemel_2015_infant,26,months,m,weight,kg,0.349,11.513,0.129
zemel_2015_infant,27,months,m,weight,kg,0.346,11.652,0.129
zemel_2015_infant,28,months,m,weight,kg,0.342,11.789,0.129
zemel_2015_infant,29,months,m,weight,kg,0.339,11.922,0.129
zemel_2015_infant,30,months,m,weight,kg,0.335,12.053,0.129
zemel_2015_infant,31,months,m,weight,kg,0.332,12.182,0.129
zemel_2015_infant,32,months,m,weight,kg,0.328,12.308,0.13
zemel_2015_infant,33,months,m,weight,kg,0.325,12.432,0.13
zemel_2015_infant,34,months,m,weight,kg,0.322,12.554,0.13
zemel_2015_infant,35,months,m,weight,kg,0.319,12.674,0.13
zemel_2015_infant,36,months,m,weight,kg,0.316,12.794,0.13
zemel_2015_infant,1,months,m,length,cm,0.453,52.632,0.039
zemel_2015_infant,2,months,m,length,cm,0.453,55.065,0.04
zemel_2015_infant,3,months,m,length,cm,0.453,57.45,0.04
zemel_2015_infant,4,months,m,length,cm,0.453,59.745,0.04
zemel_2015_infant,5,months,m,length,cm,0.453,61.904,0.04
zemel_2015_infant,6,months,m,length,cm,0.453,63.894,0.041
zemel_2015_infant,7,months,m,length,cm,0.453,65.702,0.041
zemel_2015_infant,8,months,m,length,cm,0.453,67.329,0.041
zemel_2015_infant,9,months,m,length,cm,0.453,68.783,0.041
zemel_2015_infant,10,months,m,length,cm,0.453,70.09,0.042
zemel_2015_infant,11,months,m,length,cm,0.453,71.276,0.042
zemel_2015_infant,12,months,m,length,cm,0.453,72.364,0.042
zemel_2015_infant,13,months,m,length,cm,0.453,73.375,0.042
zemel_2015_infant,14,months,m,length,cm,0.453,74.328,0.043
zemel_2015_infant,15,months,m,length,cm,0.453,75.231,0.043
zemel_2015_infant,16,months,m,length,cm,0.453,76.086,0.043
zemel_2015_infant,17,months,m,length,cm,0.453,76.897,0.043
zemel_2015_infant,18,months,m,length,cm,0.453,77.664,0.043
zemel_2015_infant,19,months,m,length,cm,0.453,78.391,0.044
zemel_2015_infant,20,months,m,length,cm,0.453,79.079,0.044
zemel_2015_infant,21,months,m,length,cm,0.453,79.73,0.044
zemel_2015_infant,22,months,m,length,cm,0.453,80.35,0.044
zemel_2015_infant,23,months,m,length,cm,0.453,80.942,0.044
zemel_2015_infant,24,months,m,length,cm,0.453,81.511,0.044
zemel_2015_infant,25,months,m,length,cm,0.453,82.057,0.044
zemel_2015_infant,26,months,m,length,cm,0.453,82.583,0.045
zemel_2015_infant,27,months,m,length,cm,0.453,83.09,0.045
zemel_2015_infant,28,months,m,length,cm,0.453,83.58,0.045
zemel_2015_infant,29,months,m,length,cm,0.453,84.056,0.045
zemel_2015_infant,30,months,m,length,cm,0.453,84.522,0.045
zemel_2015_infant,31,months,m,length,cm,0.453,84.979,0.045
zemel_2015_infant,32,months,m,length,cm,0.453,85.431,0.045
zemel_2015_infant,33,months,m,length,cm,0.453,85.88,0.045
zemel_2015_infant,34,months,m,length,cm,0.453,86.328,0.045
zemel_2015_infant,35,months,m,length,cm,0.453,86.774,0.046
zemel_2015_infant,36,months,m,length,cm,0.453,87.222,0.046
zemel_2015_infant,1,months,m,head_circ,cm,3.861,35.904,0.027
zemel_2015_infant,2,months,m,head_circ,cm,3.861,37.374,0.027
zemel_2015_infant,3,months,m,head_circ,cm,3.861,38.776,0.027
zemel_2015_infant,4,months,m,head_circ,cm,3.861,40.036,0.027
zemel_2015_infant,5,months,m,head_circ,cm,3.861,41.058,0.027
zemel_2015_infant,6,months,m,head_circ,cm,3.861,41.858,0.027
zemel_2015_infant,7,months,m,head_circ,cm,3.861,42.465,0.027
zemel_2015_infant,8,months,m,head_circ,cm,3.861,42.933,0.027
zemel_2015_infant,9,months,m,head_circ,cm,3.861,43.317,0.027
zemel_2015_infant,10,months,m,head_circ,cm,3.861,43.645,0.027
zemel_2015_infant,11,months,m,head_circ,cm,3.861,43.924,0.027
zemel_2015_infant,12,months,m,head_circ,cm,3.861,44.169,0.027
zemel_2015_infant,13,months,m,head_circ,cm,3.861,44.386,0.027
zemel_2015_infant,14,months,m,head_circ,cm,3.861,44.578,0.027
zemel_2015_infant,15,months,m,head_circ,cm,3.861,44.751,0.027
zemel_2015_infant,16,months,m,head_circ,cm,3.861,44.907,0.027
zemel_2015_infant,17,months,m,head_circ,cm,3.861,45.048,0.027
zemel_2015_infant,18,months,m,head_circ,cm,3.861,45.178,0.027
zemel_2015_infant,19,months,m,head_circ,cm,3.861,45.298,0.027
zemel_2015_infant,20,months,m,head_circ,cm,3.861,45.409,0.027
zemel_2015_infant,21,months,m,head_circ,cm,3.861,45.511,0.027
zemel_2015_infant,22,months,m,head_circ,cm,3.861,45.611,0.027
zemel_2015_infant,23,months,m,head_circ,cm,3.861,45.715,0.027
zemel_2015_infant,24,months,m,head_circ,cm,3.861,45.826,0.027
zemel_2015_infant,25,months,m,head_circ,cm,3.861,45.941,0.027
zemel_2015_infant,26,months,m,head_circ,cm,3.861,46.055,0.027
zemel_2015_infant,27,months,m,head_circ,cm,3.861,46.159,0.027
zemel_2015_infant,28,months,m,head_circ,cm,3.861,46.25,0.027
zemel_2015_infant,29,months,m,head_circ,cm,3.861,46.333,0.027
zemel_2015_infant,30,months,m,head_circ,cm,3.861,46.41,0.027
zemel_2015_infant,31,months,m,head_circ,cm,3.861,46.483,0.027
zemel_2015_infant,32,months,m,head_circ,cm,3.861,46.554,0.027
zemel_2015_infant,33,months,m,head_circ,cm,3.861,46.623,0.027
zemel_2015_infant,34,months,m,head_circ,cm,3.861,46.689,0.027
zemel_2015_infant,35,months,m,head_circ,cm,3.861,46.753,0.027
zemel_2015_infant,36,months,m,head_circ,cm,3.861,46.813,0.027
zemel_2015_pedi,2,years,f,weight,kg,-0.67,10.526,0.141
zemel_2015_pedi,2.5,years,f,weight,kg,-0.755,11.37,0.143
zemel_2015_pedi,3,years,f,weight,kg,-0.832,12.19,0.145
zemel_2015_pedi,3.5,years,f,weight,kg,-0.909,13.083,0.147
zemel_2015_pedi,4,years,f,weight,kg,-0.984,14.039,0.15
zemel_2015_pedi,4.5,years,f,weight,kg,-1.055,15.067,0.154
zemel_2015_pedi,5,years,f,weight,kg,-1.12,16.12,0.158
zemel_2015_pedi,5.5,years,f,weight,kg,-1.175,17.199,0.163
zemel_2015_pedi,6,years,f,weight,kg,-1.22,18.342,0.168
zemel_2015_pedi,6.5,years,f,weight,kg,-1.253,19.577,0.174
zemel_2015_pedi,7,years,f,weight,kg,-1.272,20.927,0.18
zemel_2015_pedi,7.5,years,f,weight,kg,-1.274,22.397,0.187
zemel_2015_pedi,8,years,f,weight,kg,-1.258,23.999,0.195
zemel_2015_pedi,8.5,years,f,weight,kg,-1.226,25.746,0.202
zemel_2015_pedi,9,years,f,weight,kg,-1.176,27.598,0.21
zemel_2015_pedi,9.5,years,f,weight,kg,-1.112,29.527,0.217
zemel_2015_pedi,10,years,f,weight,kg,-1.038,31.485,0.224
zemel_2015_pedi,10.5,years,f,weight,kg,-0.957,33.413,0.23
zemel_2015_pedi,11,years,f,weight,kg,-0.874,35.309,0.235
zemel_2015_pedi,11.5,years,f,weight,kg,-0.791,37.187,0.239
zemel_2015_pedi,12,years,f,weight,kg,-0.712,39.053,0.241
zemel_2015_pedi,12.5,years,f,weight,kg,-0.636,40.922,0.242
zemel_2015_pedi,13,years,f,weight,kg,-0.561,42.808,0.243
zemel_2015_pedi,13.5,years,f,weight,kg,-0.486,44.712,0.242
zemel_2015_pedi,14,years,f,weight,kg,-0.41,46.614,0.241
zemel_2015_pedi,14.5,years,f,weight,kg,-0.33,48.501,0.24
zemel_2015_pedi,15,years,f,weight,kg,-0.246,50.347,0.238
zemel_2015_pedi,15.5,years,f,weight,kg,-0.158,52.149,0.236
zemel_2015_pedi,16,years,f,weight,kg,-0.066,53.895,0.234
zemel_2015_pedi,16.5,years,f,weight,kg,0.028,55.571,0.232
zemel_2015_pedi,17,years,f,weight,kg,0.123,57.172,0.231
zemel_2015_pedi,17.5,years,f,weight,kg,0.219,58.694,0.229
zemel_2015_pedi,18,years,f,weight,kg,0.315,60.128,0.228
zemel_2015_pedi,18.5,years,f,weight,kg,0.408,61.472,0.227
zemel_2015_pedi,19,years,f,weight,kg,0.499,62.73,0.226
zemel_2015_pedi,19.5,years,f,weight,kg,0.587,63.922,0.225
zemel_2015_pedi,20,years,f,weight,kg,0.674,65.063,0.224
zemel_2015_pedi,2,years,f,height,cm,1.957,79.361,0.044
zemel_2015_pedi,2.5,years,f,height,cm,1.957,82.438,0.045
zemel_2015_pedi,3,years,f,height,cm,1.957,85.323,0.046
zemel_2015_pedi,3.5,years,f,height,cm,1.957,88.601,0.047
zemel_2015_pedi,4,years,f,height,cm,1.957,92.089,0.048
zemel_2015_pedi,4.5,years,f,height,cm,1.957,95.505,0.048
zemel_2015_pedi,5,years,f,height,cm,1.957,98.615,0.049
zemel_2015_pedi,5.5,years,f,height,cm,1.957,101.419,0.049
zemel_2015_pedi,6,years,f,height,cm,1.957,104.019,0.05
zemel_2015_pedi,6.5,years,f,height,cm,1.957,106.532,0.05
zemel_2015_pedi,7,years,f,height,cm,1.957,109.09,0.05
zemel_2015_pedi,7.5,years,f,height,cm,1.957,111.808,0.05
zemel_2015_pedi,8,years,f,height,cm,1.957,114.754,0.05
zemel_2015_pedi,8.5,years,f,height,cm,1.957,118.055,0.05
zemel_2015_pedi,9,years,f,height,cm,1.957,121.611,0.05
zemel_2015_pedi,9.5,years,f,height,cm,1.957,125.314,0.05
zemel_2015_pedi,10,years,f,height,cm,1.957,128.835,0.049
zemel_2015_pedi,10.5,years,f,height,cm,1.957,131.843,0.049
zemel_2015_pedi,11,years,f,height,cm,1.957,134.302,0.049
zemel_2015_pedi,11.5,years,f,height,cm,1.957,136.285,0.048
zemel_2015_pedi,12,years,f,height,cm,1.957,137.855,0.048
zemel_2015_pedi,12.5,years,f,height,cm,1.957,139.081,0.047
zemel_2015_pedi,13,years,f,height,cm,1.957,140.046,0.047
zemel_2015_pedi,13.5,years,f,height,cm,1.957,140.843,0.047
zemel_2015_pedi,14,years,f,height,cm,1.957,141.517,0.047
zemel_2015_pedi,14.5,years,f,height,cm,1.957,142.094,0.046
zemel_2015_pedi,15,years,f,height,cm,1.957,142.59,0.046
zemel_2015_pedi,15.5,years,f,height,cm,1.957,142.985,0.046
zemel_2015_pedi,16,years,f,height,cm,1.957,143.275,0.046
zemel_2015_pedi,16.5,years,f,height,cm,1.957,143.492,0.046
zemel_2015_pedi,17,years,f,height,cm,1.957,143.667,0.046
zemel_2015_pedi,17.5,years,f,height,cm,1.957,143.794,0.046
zemel_2015_pedi,18,years,f,height,cm,1.957,143.852,0.046
zemel_2015_pedi,18.5,years,f,height,cm,1.957,143.912,0.046
zemel_2015_pedi,19,years,f,height,cm,1.957,144.109,0.046
zemel_2015_pedi,19.5,years,f,height,cm,1.957,144.417,0.045
zemel_2015_pedi,20,years,f,height,cm,1.957,144.766,0.045
zemel_2015_pedi,2,years,f,head_circ,cm,1.852,45.441,0.028
zemel_2015_pedi,2.5,years,f,head_circ,cm,1.852,45.674,0.028
zemel_2015_pedi,3,years,f,head_circ,cm,1.852,45.932,0.028
zemel_2015_pedi,3.5,years,f,head_circ,cm,1.852,46.19,0.029
zemel_2015_pedi,4,years,f,head_circ,cm,1.852,46.445,0.029
zemel_2015_pedi,4.5,years,f,head_circ,cm,1.852,46.697,0.03
zemel_2015_pedi,5,years,f,head_circ,cm,1.852,46.945,0.03
zemel_2015_pedi,5.5,years,f,head_circ,cm,1.852,47.189,0.03
zemel_2015_pedi,6,years,f,head_circ,cm,1.852,47.431,0.031
zemel_2015_pedi,6.5,years,f,head_circ,cm,1.852,47.669,0.031
zemel_2015_pedi,7,years,f,head_circ,cm,1.852,47.905,0.032
zemel_2015_pedi,7.5,years,f,head_circ,cm,1.852,48.14,0.032
zemel_2015_pedi,8,years,f,head_circ,cm,1.852,48.372,0.033
zemel_2015_pedi,8.5,years,f,head_circ,cm,1.852,48.604,0.033
zemel_2015_pedi,9,years,f,head_circ,cm,1.852,48.832,0.033
zemel_2015_pedi,9.5,years,f,head_circ,cm,1.852,49.056,0.034
zemel_2015_pedi,10,years,f,head_circ,cm,1.852,49.273,0.034
zemel_2015_pedi,10.5,years,f,head_circ,cm,1.852,49.48,0.035
zemel_2015_pedi,11,years,f,head_circ,cm,1.852,49.676,0.035
zemel_2015_pedi,11.5,years,f,head_circ,cm,1.852,49.86,0.036
zemel_2015_pedi,12,years,f,head_circ,cm,1.852,50.031,0.036
zemel_2015_pedi,12.5,years,f,head_circ,cm,1.852,50.191,0.036
zemel_2015_pedi,13,years,f,head_circ,cm,1.852,50.339,0.037
zemel_2015_pedi,13.5,years,f,head_circ,cm,1.852,50.477,0.037
zemel_2015_pedi,14,years,f,head_circ,cm,1.852,50.604,0.038
zemel_2015_pedi,14.5,years,f,head_circ,cm,1.852,50.722,0.038
zemel_2015_pedi,15,years,f,head_circ,cm,1.852,50.83,0.038
zemel_2015_pedi,15.5,years,f,head_circ,cm,1.852,50.926,0.039
zemel_2015_pedi,16,years,f,head_circ,cm,1.852,51.011,0.039
zemel_2015_pedi,16.5,years,f,head_circ,cm,1.852,51.083,0.04
zemel_2015_pedi,17,years,f,head_circ,cm,1.852,51.143,0.04
zemel_2015_pedi,17.5,years,f,head_circ,cm,1.852,51.19,0.041
zemel_2015_pedi,18,years,f,head_circ,cm,1.852,51.226,0.041
zemel_2015_pedi,18.5,years,f,head_circ,cm,1.852,51.251,0.041
zemel_2015_pedi,19,years,f,head_circ,cm,1.852,51.267,0.042
zemel_2015_pedi,19.5,years,f,head_circ,cm,1.852,51.278,0.042
zemel_2015_pedi,20,years,f,head_circ,cm,1.852,51.285,0.043
zemel_2015_pedi,2,years,f,bmi,kg/m2,-1.934,16.626,0.095
zemel_2015_pedi,2.5,years,f,bmi,kg/m2,-1.922,16.689,0.096
zemel_2015_pedi,3,years,f,bmi,kg/m2,-1.908,16.762,0.099
zemel_2015_pedi,3.5,years,f,bmi,kg/m2,-1.894,16.837,0.101
zemel_2015_pedi,4,years,f,bmi,kg/m2,-1.878,16.921,0.103
zemel_2015_pedi,4.5,years,f,bmi,kg/m2,-1.86,17.018,0.106
zemel_2015_pedi,5,years,f,bmi,kg/m2,-1.839,17.13,0.109
zemel_2015_pedi,5.5,years,f,bmi,kg/m2,-1.815,17.257,0.113
zemel_2015_pedi,6,years,f,bmi,kg/m2,-1.789,17.402,0.117
zemel_2015_pedi,6.5,years,f,bmi,kg/m2,-1.759,17.568,0.122
zemel_2015_pedi,7,years,f,bmi,kg/m2,-1.725,17.756,0.127
zemel_2015_pedi,7.5,years,f,bmi,kg/m2,-1.687,17.967,0.132
zemel_2015_pedi,8,years,f,bmi,kg/m2,-1.646,18.2,0.138
zemel_2015_pedi,8.5,years,f,bmi,kg/m2,-1.602,18.456,0.144
zemel_2015_pedi,9,years,f,bmi,kg/m2,-1.554,18.735,0.151
zemel_2015_pedi,9.5,years,f,bmi,kg/m2,-1.502,19.038,0.157
zemel_2015_pedi,10,years,f,bmi,kg/m2,-1.447,19.365,0.164
zemel_2015_pedi,10.5,years,f,bmi,kg/m2,-1.388,19.717,0.17
zemel_2015_pedi,11,years,f,bmi,kg/m2,-1.325,20.099,0.177
zemel_2015_pedi,11.5,years,f,bmi,kg/m2,-1.259,20.515,0.183
zemel_2015_pedi,12,years,f,bmi,kg/m2,-1.188,20.967,0.189
zemel_2015_pedi,12.5,years,f,bmi,kg/m2,-1.113,21.456,0.194
zemel_2015_pedi,13,years,f,bmi,kg/m2,-1.035,21.986,0.199
zemel_2015_pedi,13.5,years,f,bmi,kg/m2,-0.953,22.555,0.203
zemel_2015_pedi,14,years,f,bmi,kg/m2,-0.868,23.16,0.207
zemel_2015_pedi,14.5,years,f,bmi,kg/m2,-0.78,23.796,0.21
zemel_2015_pedi,15,years,f,bmi,kg/m2,-0.69,24.455,0.213
zemel_2015_pedi,15.5,years,f,bmi,kg/m2,-0.598,25.134,0.216
zemel_2015_pedi,16,years,f,bmi,kg/m2,-0.504,25.827,0.218
zemel_2015_pedi,16.5,years,f,bmi,kg/m2,-0.409,26.525,0.22
zemel_2015_pedi,17,years,f,bmi,kg/m2,-0.314,27.221,0.223
zemel_2015_pedi,17.5,years,f,bmi,kg/m2,-0.218,27.911,0.225
zemel_2015_pedi,18,years,f,bmi,kg/m2,-0.122,28.59,0.227
zemel_2015_pedi,18.5,years,f,bmi,kg/m2,-0.026,29.252,0.229
zemel_2015_pedi,19,years,f,bmi,kg/m2,0.07,29.898,0.231
zemel_2015_pedi,19.5,years,f,bmi,kg/m2,0.165,30.527,0.233
zemel_2015_pedi,20,years,f,bmi,kg/m2,0.26,31.141,0.235
zemel_2015_pedi,2,years,m,weight,kg,0.357,11.227,0.129
zemel_2015_pedi,2.5,years,m,weight,kg,0.335,12.053,0.129
zemel_2015_pedi,3,years,m,weight,kg,0.316,12.794,0.13
zemel_2015_pedi,3.5,years,m,weight,kg,0.296,13.54,0.132
zemel_2015_pedi,4,years,m,weight,kg,0.272,14.421,0.134
zemel_2015_pedi,4.5,years,m,weight,kg,0.244,15.519,0.138
zemel_2015_pedi,5,years,m,weight,kg,0.211,16.788,0.143
zemel_2015_pedi,5.5,years,m,weight,kg,0.177,18.144,0.149
zemel_2015_pedi,6,years,m,weight,kg,0.141,19.51,0.157
zemel_2015_pedi,6.5,years,m,weight,kg,0.105,20.845,0.165
zemel_2015_pedi,7,years,m,weight,kg,0.069,22.176,0.174
zemel_2015_pedi,7.5,years,m,weight,kg,0.031,23.598,0.184
zemel_2015_pedi,8,years,m,weight,kg,-0.009,25.116,0.194
zemel_2015_pedi,8.5,years,m,weight,kg,-0.051,26.684,0.204
zemel_2015_pedi,9,years,m,weight,kg,-0.094,28.231,0.213
zemel_2015_pedi,9.5,years,m,weight,kg,-0.138,29.758,0.222
zemel_2015_pedi,10,years,m,weight,kg,-0.184,31.328,0.23
zemel_2015_pedi,10.5,years,m,weight,kg,-0.233,32.985,0.237
zemel_2015_pedi,11,years,m,weight,kg,-0.286,34.775,0.243
zemel_2015_pedi,11.5,years,m,weight,kg,-0.343,36.77,0.247
zemel_2015_pedi,12,years,m,weight,kg,-0.404,39.001,0.25
zemel_2015_pedi,12.5,years,m,weight,kg,-0.468,41.506,0.25
zemel_2015_pedi,13,years,m,weight,kg,-0.535,44.301,0.247
zemel_2015_pedi,13.5,years,m,weight,kg,-0.602,47.266,0.242
zemel_2015_pedi,14,years,m,weight,kg,-0.669,50.198,0.235
zemel_2015_pedi,14.5,years,m,weight,kg,-0.734,52.932,0.227
zemel_2015_pedi,15,years,m,weight,kg,-0.795,55.349,0.218
zemel_2015_pedi,15.5,years,m,weight,kg,-0.851,57.423,0.21
zemel_2015_pedi,16,years,m,weight,kg,-0.901,59.186,0.203
zemel_2015_pedi,16.5,years,m,weight,kg,-0.945,60.664,0.198
zemel_2015_pedi,17,years,m,weight,kg,-0.983,61.875,0.193
zemel_2015_pedi,17.5,years,m,weight,kg,-1.014,62.827,0.19
zemel_2015_pedi,18,years,m,weight,kg,-1.039,63.548,0.187
zemel_2015_pedi,18.5,years,m,weight,kg,-1.057,64.075,0.185
zemel_2015_pedi,19,years,m,weight,kg,-1.07,64.446,0.183
zemel_2015_pedi,19.5,years,m,weight,kg,-1.079,64.693,0.183
zemel_2015_pedi,20,years,m,weight,kg,-1.084,64.846,0.182
zemel_2015_pedi,2,years,m,height,cm,0.453,81.511,0.044
zemel_2015_pedi,2.5,years,m,height,cm,0.453,84.522,0.045
zemel_2015_pedi,3,years,m,height,cm,0.453,87.222,0.046
zemel_2015_pedi,3.5,years,m,height,cm,0.453,89.966,0.046
zemel_2015_pedi,4,years,m,height,cm,0.453,92.864,0.047
zemel_2015_pedi,4.5,years,m,height,cm,0.453,96.039,0.047
zemel_2015_pedi,5,years,m,height,cm,0.453,99.492,0.048
zemel_2015_pedi,5.5,years,m,height,cm,0.453,103.057,0.048
zemel_2015_pedi,6,years,m,height,cm,0.453,106.618,0.048
zemel_2015_pedi,6.5,years,m,height,cm,0.453,109.994,0.049
zemel_2015_pedi,7,years,m,height,cm,0.453,113.134,0.049
zemel_2015_pedi,7.5,years,m,height,cm,0.453,116.108,0.049
zemel_2015_pedi,8,years,m,height,cm,0.453,118.903,0.049
zemel_2015_pedi,8.5,years,m,height,cm,0.453,121.473,0.049
zemel_2015_pedi,9,years,m,height,cm,0.453,123.774,0.049
zemel_2015_pedi,9.5,years,m,height,cm,0.453,125.896,0.049
zemel_2015_pedi,10,years,m,height,cm,0.453,127.967,0.049
zemel_2015_pedi,10.5,years,m,height,cm,0.453,130.074,0.049
zemel_2015_pedi,11,years,m,height,cm,0.453,132.308,0.049
zemel_2015_pedi,11.5,years,m,height,cm,0.453,134.804,0.049
zemel_2015_pedi,12,years,m,height,cm,0.453,137.688,0.048
zemel_2015_pedi,12.5,years,m,height,cm,0.453,140.9,0.048
zemel_2015_pedi,13,years,m,height,cm,0.453,144.212,0.047
zemel_2015_pedi,13.5,years,m,height,cm,0.453,147.259,0.047
zemel_2015_pedi,14,years,m,height,cm,0.453,149.772,0.046
zemel_2015_pedi,14.5,years,m,height,cm,0.453,151.719,0.046
zemel_2015_pedi,15,years,m,height,cm,0.453,153.148,0.045
zemel_2015_pedi,15.5,years,m,height,cm,0.453,154.182,0.045
zemel_2015_pedi,16,years,m,height,cm,0.453,154.895,0.045
zemel_2015_pedi,16.5,years,m,height,cm,0.453,155.347,0.045
zemel_2015_pedi,17,years,m,height,cm,0.453,155.599,0.045
zemel_2015_pedi,17.5,years,m,height,cm,0.453,155.703,0.045
zemel_2015_pedi,18,years,m,height,cm,0.453,155.734,0.045
zemel_2015_pedi,18.5,years,m,height,cm,0.453,155.846,0.045
zemel_2015_pedi,19,years,m,height,cm,0.453,156.016,0.044
zemel_2015_pedi,19.5,years,m,height,cm,0.453,156.239,0.044
zemel_2015_pedi,20,years,m,height,cm,0.453,156.491,0.044
zemel_2015_pedi,2,years,m,head_circ,cm,5.251,45.873,0.028
zemel_2015_pedi,2.5,years,m,head_circ,cm,5.383,46.361,0.028
zemel_2015_pedi,3,years,m,head_circ,cm,5.437,46.643,0.028
zemel_2015_pedi,3.5,years,m,head_circ,cm,5.456,46.846,0.029
zemel_2015_pedi,4,years,m,head_circ,cm,5.455,47.075,0.029
zemel_2015_pedi,4.5,years,m,head_circ,cm,5.421,47.41,0.029
zemel_2015_pedi,5,years,m,head_circ,cm,5.329,47.847,0.029
zemel_2015_pedi,5.5,years,m,head_circ,cm,5.17,48.286,0.029
zemel_2015_pedi,6,years,m,head_circ,cm,4.963,48.661,0.029
zemel_2015_pedi,6.5,years,m,head_circ,cm,4.761,48.917,0.029
zemel_2015_pedi,7,years,m,head_circ,cm,4.586,49.093,0.03
zemel_2015_pedi,7.5,years,m,head_circ,cm,4.423,49.237,0.03
zemel_2015_pedi,8,years,m,head_circ,cm,4.265,49.364,0.03
zemel_2015_pedi,8.5,years,m,head_circ,cm,4.101,49.486,0.03
zemel_2015_pedi,9,years,m,head_circ,cm,3.951,49.592,0.03
zemel_2015_pedi,9.5,years,m,head_circ,cm,3.798,49.693,0.03
zemel_2015_pedi,10,years,m,head_circ,cm,3.617,49.808,0.03
zemel_2015_pedi,10.5,years,m,head_circ,cm,3.379,49.952,0.03
zemel_2015_pedi,11,years,m,head_circ,cm,3.059,50.137,0.03
zemel_2015_pedi,11.5,years,m,head_circ,cm,2.633,50.374,0.03
zemel_2015_pedi,12,years,m,head_circ,cm,2.105,50.651,0.03
zemel_2015_pedi,12.5,years,m,head_circ,cm,1.49,50.955,0.031
zemel_2015_pedi,13,years,m,head_circ,cm,0.769,51.312,0.031
zemel_2015_pedi,13.5,years,m,head_circ,cm,-0.032,51.717,0.031
zemel_2015_pedi,14,years,m,head_circ,cm,-0.814,52.094,0.031
zemel_2015_pedi,14.5,years,m,head_circ,cm,-1.501,52.4,0.031
zemel_2015_pedi,15,years,m,head_circ,cm,-2.063,52.636,0.031
zemel_2015_pedi,15.5,years,m,head_circ,cm,-2.554,52.842,0.031
zemel_2015_pedi,16,years,m,head_circ,cm,-2.994,53.029,0.032
zemel_2015_pedi,16.5,years,m,head_circ,cm,-3.355,53.183,0.032
zemel_2015_pedi,17,years,m,head_circ,cm,-3.64,53.306,0.032
zemel_2015_pedi,17.5,years,m,head_circ,cm,-3.826,53.386,0.032
zemel_2015_pedi,18,years,m,head_circ,cm,-3.902,53.419,0.032
zemel_2015_pedi,18.5,years,m,head_circ,cm,-3.932,53.431,0.032
zemel_2015_pedi,19,years,m,head_circ,cm,-3.965,53.446,0.032
zemel_2015_pedi,19.5,years,m,head_circ,cm,-3.995,53.459,0.032
zemel_2015_pedi,20,years,m,head_circ,cm,-4.024,53.471,0.032
zemel_2015_pedi,2,years,m,bmi,kg/m2,-1.435,16.777,0.098
zemel_2015_pedi,2.5,years,m,bmi,kg/m2,-1.435,16.784,0.098
zemel_2015_pedi,3,years,m,bmi,kg/m2,-1.435,16.792,0.099
zemel_2015_pedi,3.5,years,m,bmi,kg/m2,-1.435,16.802,0.099
zemel_2015_pedi,4,years,m,bmi,kg/m2,-1.435,16.82,0.1
zemel_2015_pedi,4.5,years,m,bmi,kg/m2,-1.435,16.85,0.101
zemel_2015_pedi,5,years,m,bmi,kg/m2,-1.435,16.892,0.102
zemel_2015_pedi,5.5,years,m,bmi,kg/m2,-1.435,16.949,0.104
zemel_2015_pedi,6,years,m,bmi,kg/m2,-1.435,17.023,0.107
zemel_2015_pedi,6.5,years,m,bmi,kg/m2,-1.435,17.114,0.11
zemel_2015_pedi,7,years,m,bmi,kg/m2,-1.435,17.229,0.113
zemel_2015_pedi,7.5,years,m,bmi,kg/m2,-1.435,17.371,0.118
zemel_2015_pedi,8,years,m,bmi,kg/m2,-1.435,17.545,0.123
zemel_2015_pedi,8.5,years,m,bmi,kg/m2,-1.435,17.753,0.129
zemel_2015_pedi,9,years,m,bmi,kg/m2,-1.435,17.996,0.135
zemel_2015_pedi,9.5,years,m,bmi,kg/m2,-1.435,18.27,0.141
zemel_2015_pedi,10,years,m,bmi,kg/m2,-1.435,18.577,0.147
zemel_2015_pedi,10.5,years,m,bmi,kg/m2,-1.435,18.915,0.154
zemel_2015_pedi,11,years,m,bmi,kg/m2,-1.435,19.284,0.16
zemel_2015_pedi,11.5,years,m,bmi,kg/m2,-1.435,19.686,0.165
zemel_2015_pedi,12,years,m,bmi,kg/m2,-1.435,20.122,0.17
zemel_2015_pedi,12.5,years,m,bmi,kg/m2,-1.435,20.596,0.175
zemel_2015_pedi,13,years,m,bmi,kg/m2,-1.435,21.107,0.178
zemel_2015_pedi,13.5,years,m,bmi,kg/m2,-1.435,21.651,0.181
zemel_2015_pedi,14,years,m,bmi,kg/m2,-1.435,22.212,0.182
zemel_2015_pedi,14.5,years,m,bmi,kg/m2,-1.435,22.774,0.183
zemel_2015_pedi,15,years,m,bmi,kg/m2,-1.435,23.32,0.184
zemel_2015_pedi,15.5,years,m,bmi,kg/m2,-1.435,23.836,0.184
zemel_2015_pedi,16,years,m,bmi,kg/m2,-1.435,24.319,0.184
zemel_2015_pedi,16.5,years,m,bmi,kg/m2,-1.435,24.767,0.183
zemel_2015_pedi,17,years,m,bmi,kg/m2,-1.435,25.175,0.183
zemel_2015_pedi,17.5,years,m,bmi,kg/m2,-1.435,25.539,0.182
zemel_2015_pedi,18,years,m,bmi,kg/m2,-1.435,25.859,0.182
zemel_2015_pedi,18.5,years,m,bmi,kg/m2,-1.435,26.14,0.181
zemel_2015_pedi,19,years,m,bmi,kg/m2,-1.435,26.388,0.181
zemel_2015_pedi,19.5,years,m,bmi,kg/m2,-1.435,26.611,0.181
zemel_2015_pedi,20,years,m,bmi,kg/m2,-1.435,26.814,0.18